ppc_draw,source_draw,abc_distance,eta,T_min,T_max,a,b,sigma_q,gamma0,gamma1,list_length,mean_adjacent_distance,sd_adjacent_distance,p90_adjacent_distance,switch_rate_distance,mean_adjacent_similarity,log_frequency_likelihood,frequency_likelihood,n_relevant_bigrams,n_relevant_bigrams_rate,n_relevant_bigrams_norm,n_lists,mu_latency_raw_pooled,mu_latency_raw_pooled_r2,mu_latency_raw_pooled_n,mu_latency_raw_pooled_n_bins,mu_latency_median_norm,mu_latency_median_norm_r2,mu_latency_median_norm_n,mu_latency_median_norm_n_bins,mu_semantic_pooled,mu_semantic_pooled_r2,mu_semantic_pooled_n,mu_semantic_pooled_n_bins,mu_semantic_tail_quantile,mu_semantic_tail_n_total,mu_semantic_tail_frac,mu_semantic_tail_pooled,mu_semantic_tail_pooled_r2,mu_semantic_tail_pooled_n,mu_semantic_tail_pooled_n_bins
0,735,0.380679524018775,0.48745858329505,0.4859996808196458,2.7397505399843327,0.1339829376673385,4.83071104154498,0.261884071054414,0.5610958999020816,0.5904433859206818,11.3,1.0053678181515686,0.11880025311705046,1.1191480547159056,0.22626714951714952,0.5006631375797369,-2.1186564244497275,0.1257214845235246,1.14,0.11412223887223888,3.594418151398601,50.0,1.3630577936577581,0.930182248166934,565.0,12.0,2.1037395148558735,0.9556985725334198,286.0,12.0,-3.810021419191338,0.5123751620545547,515.0,12.0,0.8,515.0,0.20388349514563106,25.565895969015738,0.7450884997992939,105.0,11.0
1,43,0.4079763507836184,0.1834557177704566,0.3804042444085129,2.503934977028018,-1.6980584007989123,2.5414492087795124,0.4973941208714855,-1.3123091233115574,2.5952608083628776,10.68,1.0039501846452732,0.10510528195500525,1.106619986176388,0.22128826728826728,0.5004674466851591,-1.9830279142788498,0.1418139012797746,1.32,0.14647169497169496,3.9364272627579573,50.0,1.3147740419719325,0.9339133985955456,534.0,12.0,1.7597376798776239,0.9444407936089002,282.0,12.0,-5.097709147348295,0.599428647141769,484.0,10.0,0.8,484.0,0.20041322314049587,18.61647381117684,0.49470181313809614,97.0,10.0
2,478,0.46950186783173287,0.2490610248499689,0.7074301241955512,1.4029181183386146,0.6353474786354507,3.830562671783247,0.3894350211253105,-0.2447100745742343,1.1672140475101207,11.88,0.9975443557628505,0.12061350979264479,1.109437790141611,0.21968720168720168,0.5026440389223193,-2.1297632512185922,0.12844567103493298,1.24,0.11453679653679653,3.5428612407721056,50.0,1.4280051432642458,0.9402698001765432,594.0,12.0,1.8782119435290592,0.9100545230787177,325.0,12.0,-3.6094765336573498,0.6181216979670308,544.0,10.0,0.8,544.0,0.20036764705882354,18.936700519679494,0.6035009812447163,109.0,12.0
3,253,0.43675779931827646,0.2544192272744641,1.0798106147178492,1.7129042090973527,0.0133929333693196,1.6099761696595014,0.3218536574754648,-2.040976395712,2.0484082234544396,13.1,0.9934906004514583,0.1312886161645859,1.124569164478644,0.21556099456099453,0.5040636609213442,-2.132591776855858,0.12477815314704067,1.42,0.11978155178155178,3.404069118419823,50.0,1.5659293813001467,0.9143275771373689,655.0,12.0,2.319387524931859,0.9420615192264803,338.0,12.0,-3.8809868545088078,0.7468355694428103,605.0,11.0,0.8,605.0,0.20826446280991737,15.528874696470565,0.528496780746451,126.0,12.0
4,95,0.3446513327623941,0.5065187221122291,0.8886107676139885,2.3073404212711237,0.4633909944468248,3.634015181603453,0.1647327035352512,-0.3563430677272312,1.0292242806044931,9.66,0.9876524067743202,0.12288195198064994,1.1002538576812995,0.22242479742479745,0.5052751135361383,-2.2178345686958165,0.11513078616075668,1.18,0.1436696636696637,4.062958381445931,50.0,1.3137822221032631,0.8962783411274149,483.0,12.0,2.037678861927008,0.9165476199846052,258.0,12.0,-3.847004437055128,0.39328812432326654,433.0,11.0,0.8,433.0,0.20092378752886836,15.775566335159027,0.591726670603214,87.0,10.0
5,47,0.4173935628155615,0.5777035068410801,1.0695282449084746,3.577038865903433,-0.3901381553928971,5.794247711280954,0.3594754941324265,-1.1979855328384907,1.531659091368612,11.4,1.0134222091509586,0.10482157574398589,1.1148284017661079,0.22074725274725274,0.49821461018463425,-1.9941014719657963,0.14121296175315434,1.06,0.10467454767454769,3.488287649566446,50.0,1.488979691141837,0.8809400920794096,570.0,12.0,1.7244334689628056,0.9467232028681714,304.0,11.0,-4.572125157025905,0.5953873880516094,520.0,10.0,0.8,520.0,0.20384615384615384,20.251974803249457,0.74878730587461,106.0,12.0
6,968,0.3856766036681893,0.2678035754605854,0.6522674794265184,2.400321680884888,-1.8035515373285391,4.7203164408306,0.3249474209811079,-0.8459204851370683,1.4000764981974223,10.38,0.9959565586261221,0.11674471869784267,1.106662239993911,0.23244577644577638,0.5029106107049985,-2.1110178175111844,0.13066641528994938,1.36,0.14748185148185147,4.05481876825442,50.0,1.3331845717057027,0.9227737442968438,519.0,12.0,2.2150737286784636,0.9004613830855879,264.0,12.0,-4.367567223448608,0.5221283085493527,469.0,12.0,0.8,469.0,0.20042643923240938,21.84278777296686,0.830683095576818,94.0,12.0
7,735,0.380679524018775,0.48745858329505,0.4859996808196458,2.7397505399843327,0.1339829376673385,4.83071104154498,0.261884071054414,0.5610958999020816,0.5904433859206818,10.84,1.0001880974587056,0.12316636175374475,1.1126544235359759,0.22893273393273395,0.5021170571052335,-2.2245533473740937,0.11582525762654755,1.0,0.1050985680985681,3.5746184598265103,50.0,1.4896839005672027,0.9005400799721504,542.0,12.0,2.3491534135967758,0.9191814642776109,272.0,12.0,-4.3252413732883825,0.6893631162772673,492.0,12.0,0.8,492.0,0.2032520325203252,20.121188249898474,0.5384330681711283,100.0,12.0
8,735,0.380679524018775,0.48745858329505,0.4859996808196458,2.7397505399843327,0.1339829376673385,4.83071104154498,0.261884071054414,0.5610958999020816,0.5904433859206818,11.16,0.9999150751888415,0.11433950989393636,1.10902398107344,0.22158341658341654,0.5019511077002142,-2.0755251111039064,0.13272682899819918,0.98,0.09882967032967033,3.4710008539636164,50.0,1.442679423909923,0.9056157144052527,558.0,12.0,2.352220829290663,0.9231167220333267,288.0,12.0,-4.686812527334064,0.7229517602141856,508.0,12.0,0.8,508.0,0.20078740157480315,21.806909456596664,0.5800577728872733,102.0,11.0
9,461,0.444679992200236,0.2680012467428085,1.063800284973783,2.65181602403099,-1.7169105633965676,2.407679822735457,0.5614020415473693,-2.267538846760047,1.729213094827649,13.68,0.9901005294319758,0.11999121832273767,1.110661616154052,0.21517426682364765,0.5045061566331607,-2.201093278760829,0.11816053172772722,1.28,0.10721470196470197,3.112512207793328,50.0,1.5892956952735116,0.9077887659400165,684.0,12.0,2.4572114289896194,0.9231629195416783,346.0,12.0,-3.6522559179985086,0.5056017387018196,634.0,11.0,0.8,634.0,0.20347003154574134,17.898740559299878,0.5833386118798973,129.0,11.0
10,968,0.3856766036681893,0.2678035754605854,0.6522674794265184,2.400321680884888,-1.8035515373285391,4.7203164408306,0.3249474209811079,-0.8459204851370683,1.4000764981974223,10.16,0.9984151332674123,0.11900161654313716,1.1096973099525265,0.22300302965008842,0.502310624586692,-2.111475640996248,0.12603026788717517,1.36,0.159025863025863,4.11230587228516,50.0,1.388468725205069,0.9250976595471062,508.0,12.0,2.0453675285585535,0.8898465154235029,271.0,12.0,-4.621598945552001,0.6896029816589742,458.0,11.0,0.8,458.0,0.20087336244541484,15.085650660545165,0.42730949320821643,92.0,10.0
11,253,0.43675779931827646,0.2544192272744641,1.0798106147178492,1.7129042090973527,0.0133929333693196,1.6099761696595014,0.3218536574754648,-2.040976395712,2.0484082234544396,13.3,0.9922234980195935,0.1278551265717622,1.1162557758507072,0.2166778091189856,0.5043695504430686,-2.1081574297951353,0.12997769992892383,1.4,0.11929277911630853,3.3318081147555136,50.0,1.483411144312733,0.9220056624345839,665.0,11.0,2.102135572773687,0.9324627270185009,339.0,12.0,-3.59212775730871,0.6206316372390221,615.0,12.0,0.8,615.0,0.2016260162601626,22.0340110589367,0.7833257416769019,124.0,12.0
12,461,0.444679992200236,0.2680012467428085,1.063800284973783,2.65181602403099,-1.7169105633965676,2.407679822735457,0.5614020415473693,-2.267538846760047,1.729213094827649,13.02,0.9863034872177665,0.11782974244425898,1.1063439966352633,0.22517586171997933,0.5053568183494103,-2.1190585583999355,0.12670646307321834,1.54,0.13680426762779704,3.5449735198855468,50.0,1.5487235906098074,0.8960052530449344,651.0,12.0,2.3237328913934294,0.9220625729340686,342.0,12.0,-4.575539754690894,0.7014058922366969,601.0,11.0,0.8,601.0,0.20133111480865223,20.425956944753164,0.7794727063710365,121.0,12.0
13,931,0.4474508141596336,0.4064908327525905,1.2829278183139174,1.9638155579059713,1.1426630133651146,5.446800881757292,0.5995188785099108,-2.8324226580177148,2.544041461648593,11.52,1.0032019819155904,0.11045450181786894,1.110926611663608,0.21753543678543671,0.5009101979759581,-2.0942110555793243,0.1283652539031743,1.22,0.11673237873237874,3.6169310473678618,50.0,1.4533958372301716,0.8959912855172775,576.0,12.0,2.375415593465321,0.9608642274076569,296.0,12.0,-4.1430318699929805,0.6767161156135038,526.0,10.0,0.8,526.0,0.20722433460076045,22.898639505798428,0.6839792117401746,109.0,12.0
14,735,0.380679524018775,0.48745858329505,0.4859996808196458,2.7397505399843327,0.1339829376673385,4.83071104154498,0.261884071054414,0.5610958999020816,0.5904433859206818,10.66,0.9950438445679183,0.12387147104657799,1.1126514364002713,0.21965645465645467,0.5034646168780802,-2.1827726156478415,0.11998044271678777,1.26,0.13768154068154068,3.881653363124388,50.0,1.2385562749683885,0.9111108168780021,533.0,11.0,2.0052251979130555,0.9346677930423698,268.0,12.0,-2.9861990019313684,0.34343644973303233,483.0,11.0,0.8,483.0,0.20082815734989648,22.557317443558667,0.9275755181823987,97.0,11.0
15,34,0.19789491888176033,0.6436141794040239,0.7754088808781321,3.691946353082012,0.2531966047506206,5.438104558174056,0.3881228191311707,-2.477730704903463,1.77462547843864,11.58,1.0200443715222425,0.10470450626829017,1.118038977845572,0.2152183372183372,0.49657591291201714,-1.962610271845921,0.1455876558763382,0.92,0.09158485958485958,3.3012527462685686,50.0,1.3980306876014221,0.9366172955126243,579.0,11.0,2.0230126941741164,0.9572852211492724,300.0,12.0,-4.640774166768941,0.6809432394962736,529.0,10.0,0.8,529.0,0.21172022684310018,21.025731410412806,0.3852162261711858,112.0,11.0
16,931,0.4474508141596336,0.4064908327525905,1.2829278183139174,1.9638155579059713,1.1426630133651146,5.446800881757292,0.5995188785099108,-2.8324226580177148,2.544041461648593,10.88,1.0202328889588415,0.10339468870330627,1.1207886245647656,0.2252037962037962,0.49648484656134656,-2.0693743862922123,0.13245991866128976,0.8,0.08194022644022643,3.3641662590936483,50.0,1.4522031469514123,0.9240029724763943,544.0,11.0,1.921181855024732,0.9673636679746472,295.0,12.0,-4.841484330109022,0.4442514072161098,494.0,11.0,0.8,494.0,0.20850202429149797,18.24236603403837,0.569089208087778,103.0,11.0
17,735,0.380679524018775,0.48745858329505,0.4859996808196458,2.7397505399843327,0.1339829376673385,4.83071104154498,0.261884071054414,0.5610958999020816,0.5904433859206818,10.86,0.9952364351116336,0.11703800506420822,1.1089398627856912,0.2185890498390498,0.5031534764310721,-2.157904142481547,0.12238487096365912,1.12,0.12038933288933289,3.6893923594600797,50.0,1.584336146694979,0.8779647808455263,543.0,12.0,2.279410557735174,0.8828594315499299,296.0,11.0,-3.4378582585156705,0.4808739026520418,493.0,12.0,0.8,493.0,0.20081135902636918,20.903432311563193,0.8136006598005691,99.0,11.0
18,253,0.43675779931827646,0.2544192272744641,1.0798106147178492,1.7129042090973527,0.0133929333693196,1.6099761696595014,0.3218536574754648,-2.040976395712,2.0484082234544396,12.88,1.0019983489077635,0.12350170988466168,1.1246163228132036,0.2143028506581138,0.5016236632924727,-2.155563671215729,0.1234458013622729,1.22,0.10500139480402637,3.2615562224505625,50.0,1.5663114176383528,0.8881548057937847,644.0,12.0,2.022283115715664,0.9496408802813415,336.0,11.0,-5.235997571877951,0.6612567626946055,594.0,12.0,0.8,594.0,0.20033670033670034,19.01620531100485,0.5609961656735365,119.0,12.0
19,47,0.4173935628155615,0.5777035068410801,1.0695282449084746,3.577038865903433,-0.3901381553928971,5.794247711280954,0.3594754941324265,-1.1979855328384907,1.531659091368612,11.46,1.0173028773029842,0.10427495498211069,1.1208939890106497,0.21781218781218784,0.49717536374114113,-1.999404158678911,0.14020083543248266,1.18,0.1191103341103341,3.5926093484671537,50.0,1.5701230929544379,0.8875771766455459,573.0,12.0,2.4238773264112607,0.9095641471149407,289.0,12.0,-5.421436692759167,0.6470310539944039,523.0,10.0,0.8,523.0,0.20076481835564053,14.762113002203302,0.43461343185913837,105.0,10.0
20,735,0.380679524018775,0.48745858329505,0.4859996808196458,2.7397505399843327,0.1339829376673385,4.83071104154498,0.261884071054414,0.5610958999020816,0.5904433859206818,11.24,0.9954384822359442,0.1250028761701908,1.1114510424082342,0.22471706071706074,0.503526579659449,-2.2712286869118326,0.1095098376965348,0.96,0.09555550005550005,3.4300964524978927,50.0,1.345116910038154,0.8864495755126574,562.0,12.0,2.2694902283743392,0.8768870167485356,303.0,12.0,-3.92896817596615,0.5753715240233508,512.0,12.0,0.8,512.0,0.205078125,17.079832950703455,0.5527160152845396,105.0,12.0
21,968,0.3856766036681893,0.2678035754605854,0.6522674794265184,2.400321680884888,-1.8035515373285391,4.7203164408306,0.3249474209811079,-0.8459204851370683,1.4000764981974223,9.38,0.9839163484151707,0.10968584514580751,1.088180165048782,0.23953590853590853,0.5056732256126787,-2.0621527676539033,0.13534131568171906,1.36,0.17698817848817847,4.316123786575963,50.0,1.260676600315992,0.9131121688760606,469.0,12.0,1.8954454888909507,0.96142291630562,259.0,12.0,-4.445039922649067,0.4908275963523586,419.0,11.0,0.8,419.0,0.20047732696897375,21.4964068337941,0.8113532771808278,84.0,11.0
22,735,0.380679524018775,0.48745858329505,0.4859996808196458,2.7397505399843327,0.1339829376673385,4.83071104154498,0.261884071054414,0.5610958999020816,0.5904433859206818,11.26,1.0001536285205461,0.11899918219075084,1.114405646005367,0.22157908757908762,0.5020883469757605,-2.215661383956523,0.11679908008714227,1.12,0.11359418359418358,3.584870352131462,50.0,1.395222609947572,0.9087100817662088,563.0,12.0,2.2128266335532216,0.934841635413551,282.0,12.0,-3.531413615653602,0.4133593387555988,513.0,10.0,0.8,513.0,0.20272904483430798,10.31271820373475,0.32298543421396464,104.0,10.0
23,34,0.19789491888176033,0.6436141794040239,0.7754088808781321,3.691946353082012,0.2531966047506206,5.438104558174056,0.3881228191311707,-2.477730704903463,1.77462547843864,11.2,1.009574369459959,0.11047045708704858,1.1131217053427005,0.22488411588411586,0.4993632252105001,-2.027723571436758,0.13719511204018794,0.94,0.09439210789210789,3.4205486532307545,50.0,1.3014297903060568,0.9128195135710875,560.0,11.0,1.9542391034810471,0.931517462644506,295.0,12.0,-4.054694235792705,0.5671830625333917,510.0,11.0,0.8,510.0,0.2,25.015838244553404,0.6316263498691255,102.0,11.0
24,47,0.4173935628155615,0.5777035068410801,1.0695282449084746,3.577038865903433,-0.3901381553928971,5.794247711280954,0.3594754941324265,-1.1979855328384907,1.531659091368612,11.52,1.0138773427126175,0.11070834473339594,1.1197652568353629,0.225774309024309,0.4982286156136741,-2.0946793596793545,0.1296099124582738,1.04,0.10365096015096013,3.436931047367861,50.0,1.4945656744425924,0.9113272908441707,576.0,12.0,2.1124850343716934,0.9384182028212229,305.0,12.0,-4.404147088255306,0.46161784867869315,526.0,11.0,0.8,526.0,0.20152091254752852,20.97253834700174,0.6560816570517995,106.0,12.0
25,735,0.380679524018775,0.48745858329505,0.4859996808196458,2.7397505399843327,0.1339829376673385,4.83071104154498,0.261884071054414,0.5610958999020816,0.5904433859206818,11.38,0.9916522192097424,0.12345761618604371,1.1057166541666812,0.21941938616938614,0.5043348650354995,-2.170708127545703,0.12223259186721959,1.36,0.13398615273615272,3.793513749932878,50.0,1.4418392491564191,0.8858309831198424,569.0,12.0,2.190069834785683,0.9523110580649027,299.0,12.0,-4.156867966912587,0.5917672153824345,519.0,12.0,0.8,519.0,0.20423892100192678,14.419824598542286,0.6955429036122582,106.0,10.0
26,461,0.444679992200236,0.2680012467428085,1.063800284973783,2.65181602403099,-1.7169105633965676,2.407679822735457,0.5614020415473693,-2.267538846760047,1.729213094827649,13.08,0.9863913780896353,0.12820010152497543,1.1146279829570251,0.21722405372405368,0.5057256494376233,-2.2005857674432936,0.1178722639006335,1.48,0.1254762182262182,3.469295218786254,50.0,1.4488647622135415,0.9359799231023859,654.0,12.0,2.2810602942204845,0.9037342305004199,341.0,12.0,-2.2215664657901892,0.2428140250740327,604.0,12.0,0.8,604.0,0.20033112582781457,22.37952836497639,0.7595884290592557,121.0,11.0
27,931,0.4474508141596336,0.4064908327525905,1.2829278183139174,1.9638155579059713,1.1426630133651146,5.446800881757292,0.5995188785099108,-2.8324226580177148,2.544041461648593,11.3,1.011693138627617,0.11191042908527857,1.1197778336442112,0.21709976134976133,0.49883630482451613,-2.090664333788929,0.12932370992671727,1.0,0.10074173049173048,3.4544181513986008,50.0,1.5839319814674475,0.8891263823270876,565.0,12.0,2.3992778746611942,0.9337613869701585,285.0,12.0,-4.84193340349777,0.48819337692036247,515.0,11.0,0.8,515.0,0.2,14.063677302631588,0.408847993219162,103.0,12.0
28,34,0.19789491888176033,0.6436141794040239,0.7754088808781321,3.691946353082012,0.2531966047506206,5.438104558174056,0.3881228191311707,-2.477730704903463,1.77462547843864,11.32,1.0245686381675105,0.09783997560622971,1.1223109689374733,0.22349353914059794,0.4952246510613043,-1.9627372726891443,0.14441046551502207,0.94,0.10293687684864156,3.38919205103217,50.0,1.3651616695491218,0.9555035424733594,566.0,11.0,1.827562201881326,0.9555802765249692,303.0,12.0,-6.417191893165839,0.5707571674758241,516.0,11.0,0.8,516.0,0.20155038759689922,15.55050446752749,0.48463766321966606,104.0,12.0
29,43,0.4079763507836184,0.1834557177704566,0.3804042444085129,2.503934977028018,-1.6980584007989123,2.5414492087795124,0.4973941208714855,-1.3123091233115574,2.5952608083628776,11.36,1.016970908904846,0.11030645725350702,1.124181115784986,0.22458383283383276,0.4973339886195939,-1.9429241066195417,0.14813388865726468,1.36,0.14145781995781995,3.7987398502993077,50.0,1.4053766483022574,0.9138312061883528,568.0,12.0,2.1461171318310304,0.9541688482978183,289.0,12.0,-5.327118649565111,0.5577119774733508,518.0,10.0,0.8,518.0,0.20656370656370657,14.163759793182209,0.2817488800946726,107.0,12.0
30,735,0.380679524018775,0.48745858329505,0.4859996808196458,2.7397505399843327,0.1339829376673385,4.83071104154498,0.261884071054414,0.5610958999020816,0.5904433859206818,11.04,0.9993249375081042,0.11748953829584304,1.1102725414233903,0.22722410922410918,0.5022894196946337,-2.1133107519171226,0.12722752830057574,1.08,0.1119142524142524,3.6023574561622014,50.0,1.3827652594130722,0.9002801021714733,552.0,12.0,2.2214026900444317,0.9537699458717724,283.0,12.0,-4.234002545138317,0.6229286181416788,502.0,12.0,0.8,502.0,0.20717131474103587,23.271553674141792,0.6058041296017103,104.0,10.0
31,43,0.4079763507836184,0.1834557177704566,0.3804042444085129,2.503934977028018,-1.6980584007989123,2.5414492087795124,0.4973941208714855,-1.3123091233115574,2.5952608083628776,11.42,1.0107772336820908,0.10673982446058233,1.1132535053887451,0.22266097791097791,0.49889517618394114,-1.887984544557772,0.15546135192589616,1.34,0.14134693084693084,3.7630615492000157,50.0,1.4355778289546566,0.9219757385389938,571.0,12.0,2.067405645470804,0.9610119144528165,310.0,12.0,-4.378131374754432,0.6878270948233924,521.0,9.0,0.8,521.0,0.2092130518234165,22.271908231671205,0.45064209407595446,109.0,12.0
32,95,0.3446513327623941,0.5065187221122291,0.8886107676139885,2.3073404212711237,0.4633909944468248,3.634015181603453,0.1647327035352512,-0.3563430677272312,1.0292242806044931,9.56,1.0025071935831056,0.11411602796514259,1.1058651322959936,0.21986580086580085,0.5013230401589904,-2.1660258086432655,0.12512878123441137,0.96,0.10782972582972583,3.8690888832780854,50.0,1.206466976447806,0.9164473948085817,478.0,12.0,1.8430312683329664,0.9517821714284987,247.0,12.0,-2.5138504550324483,0.2364827018317719,428.0,11.0,0.8,428.0,0.20093457943925233,22.135341890030638,0.8932988301505362,86.0,10.0
33,461,0.444679992200236,0.2680012467428085,1.063800284973783,2.65181602403099,-1.7169105633965676,2.407679822735457,0.5614020415473693,-2.267538846760047,1.729213094827649,12.72,0.9913177517340118,0.1251656852563634,1.1133580306192936,0.2124615857139077,0.5043596348420528,-2.1408481192694855,0.1258061824827818,1.48,0.13584174159174156,3.5633650253820104,50.0,1.4502737671018278,0.9351720965110903,636.0,12.0,2.081822243783425,0.9510500049529071,331.0,12.0,-4.1030108878946505,0.7594858758591345,586.0,10.0,0.8,586.0,0.20136518771331058,17.06417726760962,0.5540356406704141,118.0,12.0
34,95,0.3446513327623941,0.5065187221122291,0.8886107676139885,2.3073404212711237,0.4633909944468248,3.634015181603453,0.1647327035352512,-0.3563430677272312,1.0292242806044931,9.74,0.9974550613582757,0.1138127683372655,1.1022786629511998,0.2147040737040737,0.5026801282260507,-2.1443131557022364,0.12374588506795065,1.0,0.11857670107670107,3.8620539799802076,50.0,1.298171025592033,0.9003296666572977,487.0,12.0,2.0739188871322902,0.93750674874895,253.0,12.0,-4.377427932954078,0.6874309179931967,437.0,12.0,0.8,437.0,0.20137299771167047,21.883014728067785,0.6801516030409952,88.0,11.0
35,931,0.4474508141596336,0.4064908327525905,1.2829278183139174,1.9638155579059713,1.1426630133651146,5.446800881757292,0.5995188785099108,-2.8324226580177148,2.544041461648593,11.22,1.0086193753170578,0.10188762270030115,1.1038542049116968,0.2176066156066156,0.49935552125798693,-2.1093987663287264,0.12814535719388842,0.86,0.08725080475080473,3.3353225528643238,50.0,1.4220372402342956,0.9225403910068798,561.0,12.0,1.9364198361033378,0.9555784132752122,294.0,12.0,-4.934982767191869,0.6113484330626932,511.0,11.0,0.8,511.0,0.20156555772994128,21.92164098333445,0.5298489156575767,103.0,10.0
36,95,0.3446513327623941,0.5065187221122291,0.8886107676139885,2.3073404212711237,0.4633909944468248,3.634015181603453,0.1647327035352512,-0.3563430677272312,1.0292242806044931,9.88,1.0014555378046202,0.11845722150099275,1.108468060440698,0.2254877344877345,0.5016484204611324,-2.091601109590697,0.12882015982879225,1.14,0.13048412698412698,3.965471277415192,50.0,1.344740065162198,0.8896761674258348,494.0,12.0,1.984686237481349,0.9430243815166405,260.0,12.0,-3.1311534169602373,0.3483689058475168,444.0,11.0,0.8,444.0,0.2072072072072072,23.52324705849504,0.7888058323450136,92.0,11.0
37,47,0.4173935628155615,0.5777035068410801,1.0695282449084746,3.577038865903433,-0.3901381553928971,5.794247711280954,0.3594754941324265,-1.1979855328384907,1.531659091368612,11.76,1.0142818438154717,0.10258488788701765,1.1129148584270718,0.2169354534354534,0.4979397118572397,-2.0376268201055345,0.13443225547131876,1.0,0.09949880674880676,3.3342178429706903,50.0,1.4963686116532913,0.8777976770750321,588.0,11.0,2.3304235891855005,0.9050809159696079,307.0,12.0,-5.231127873237251,0.6966131765883732,538.0,11.0,0.8,538.0,0.20074349442379183,21.717688549353944,0.6437826537379396,108.0,12.0
38,253,0.43675779931827646,0.2544192272744641,1.0798106147178492,1.7129042090973527,0.0133929333693196,1.6099761696595014,0.3218536574754648,-2.040976395712,2.0484082234544396,12.08,0.9994707804024526,0.12014206334882488,1.113908986909419,0.22133996558996558,0.50214341125917,-2.0451244319446866,0.1349324854570534,1.4,0.12563869463869462,3.6506002371077972,50.0,1.4855379948042633,0.9041429814421992,604.0,12.0,1.8526938626555454,0.8857451586770267,304.0,11.0,-4.910344148729289,0.6129902186257129,554.0,12.0,0.8,554.0,0.2003610108303249,18.297332178079934,0.4553913307890065,111.0,10.0
39,43,0.4079763507836184,0.1834557177704566,0.3804042444085129,2.503934977028018,-1.6980584007989123,2.5414492087795124,0.4973941208714855,-1.3123091233115574,2.5952608083628776,11.42,1.0092715777815202,0.10651553532217367,1.1123987722498025,0.22316328116328113,0.4991682021846149,-1.978184248307662,0.1430176688821789,1.4,0.13739493839493838,3.8230615492000157,50.0,1.4253207725796944,0.9229917634016014,571.0,12.0,2.0783062281681732,0.9625871520224624,316.0,12.0,-2.1195242049900753,0.16663685886244117,521.0,9.0,0.8,521.0,0.2034548944337812,20.799132481952743,0.5819766570877978,106.0,11.0
40,735,0.380679524018775,0.48745858329505,0.4859996808196458,2.7397505399843327,0.1339829376673385,4.83071104154498,0.261884071054414,0.5610958999020816,0.5904433859206818,11.5,0.9959627887559808,0.11798359802760147,1.108524001537449,0.22323895548895545,0.5029882419437128,-2.19098104925019,0.11712904169718474,1.3,0.13032131757131757,3.702157147734292,50.0,1.3490382607061588,0.9305038922849549,575.0,11.0,1.9883394232703477,0.9682698210479813,301.0,12.0,-4.144080822944832,0.49426301542162376,525.0,11.0,0.8,525.0,0.2,21.267382738868363,0.6333550959652431,105.0,12.0
41,968,0.3856766036681893,0.2678035754605854,0.6522674794265184,2.400321680884888,-1.8035515373285391,4.7203164408306,0.3249474209811079,-0.8459204851370683,1.4000764981974223,10.5,0.9975012317064751,0.1233976633516365,1.1125276887344726,0.21942402042402043,0.5028425917709299,-2.2077150372118597,0.11756792017508139,1.26,0.13622882672882672,3.923462166055835,50.0,1.44945498184659,0.9126343934257803,525.0,12.0,2.264893209867887,0.9259266599560266,267.0,12.0,-3.9061223956813604,0.5627762826957066,475.0,12.0,0.8,475.0,0.2,25.546974693320394,0.6281863584892422,95.0,11.0
42,931,0.4474508141596336,0.4064908327525905,1.2829278183139174,1.9638155579059713,1.1426630133651146,5.446800881757292,0.5995188785099108,-2.8324226580177148,2.544041461648593,11.7,0.9984041626901644,0.11279609136155401,1.1057514498917376,0.22257631257631258,0.5022997111062321,-2.095600379195207,0.1282285262782961,0.92,0.09191652791652791,3.2698961440699836,50.0,1.4241321252589245,0.9463861393354364,585.0,11.0,1.920839404105951,0.9280720858755864,306.0,12.0,-4.573478066346509,0.6425646217767809,535.0,12.0,0.8,535.0,0.205607476635514,24.11641946003978,0.7209878186246248,110.0,12.0
43,461,0.444679992200236,0.2680012467428085,1.063800284973783,2.65181602403099,-1.7169105633965676,2.407679822735457,0.5614020415473693,-2.267538846760047,1.729213094827649,13.34,0.9888345211716111,0.1210190019598423,1.1106501291956792,0.21401809791515672,0.5048960745414532,-2.2058455866535653,0.11869189454479112,1.3,0.10774973066149536,3.2213559140226535,50.0,1.6025658492008297,0.9022453667499284,667.0,11.0,2.2781190320313356,0.879569813587706,343.0,11.0,-4.298052681878011,0.7301422028116273,617.0,11.0,0.8,617.0,0.2025931928687196,16.5164885870776,0.7393477224405324,125.0,11.0
44,461,0.444679992200236,0.2680012467428085,1.063800284973783,2.65181602403099,-1.7169105633965676,2.407679822735457,0.5614020415473693,-2.267538846760047,1.729213094827649,13.32,0.9863920804826481,0.11999160876160397,1.11616862420867,0.21973681048913243,0.5054712986439923,-2.146137648730889,0.12340917042414291,1.74,0.14787860789021778,3.666582014389084,50.0,1.5316445214473757,0.9199718568871016,666.0,12.0,2.2683579185418763,0.9507246499539734,333.0,12.0,-3.6036467740424123,0.6389950198576302,616.0,10.0,0.8,616.0,0.20292207792207792,17.142235974742334,0.5147969096244562,125.0,11.0
45,931,0.4474508141596336,0.4064908327525905,1.2829278183139174,1.9638155579059713,1.1426630133651146,5.446800881757292,0.5995188785099108,-2.8324226580177148,2.544041461648593,11.3,1.0061707075407877,0.10957309041136469,1.1068911277083147,0.22174880674880673,0.5002000484422225,-2.1631667038721996,0.12337079219249025,0.94,0.09174814074814075,3.3944181513986003,50.0,1.3867413844363736,0.9250399312197443,565.0,12.0,1.8704537062289235,0.9762506120133495,285.0,11.0,-4.297386682334069,0.5166365789211235,515.0,12.0,0.8,515.0,0.20388349514563106,21.683587812776974,0.6864420383087276,105.0,12.0
46,43,0.4079763507836184,0.1834557177704566,0.3804042444085129,2.503934977028018,-1.6980584007989123,2.5414492087795124,0.4973941208714855,-1.3123091233115574,2.5952608083628776,10.76,1.007787434791077,0.11174713110503967,1.1165282163979091,0.2288201798201798,0.49968476777117316,-1.9713551731358254,0.145437096445821,1.42,0.15421323121323122,4.015522861292233,50.0,1.3629182237644648,0.9513194499368022,538.0,12.0,1.856405703713095,0.9611419448041779,287.0,12.0,-4.147614308010536,0.41291275887182866,488.0,10.0,0.8,488.0,0.21106557377049182,24.592239589694785,0.7090472101925062,103.0,11.0
47,95,0.3446513327623941,0.5065187221122291,0.8886107676139885,2.3073404212711237,0.4633909944468248,3.634015181603453,0.1647327035352512,-0.3563430677272312,1.0292242806044931,9.54,0.9965330225883159,0.1226383191042963,1.1080363972291742,0.21886724386724385,0.5029316762396155,-2.148595246281533,0.12224159293317047,1.24,0.14995093795093795,4.154314983644516,50.0,1.2327982974941178,0.916791109392793,477.0,12.0,1.8954677806623144,0.9598432953192811,241.0,12.0,-4.429607435473142,0.6021917358301494,427.0,10.0,0.8,427.0,0.2107728337236534,22.26444440534306,0.459301008575726,90.0,11.0
48,931,0.4474508141596336,0.4064908327525905,1.2829278183139174,1.9638155579059713,1.1426630133651146,5.446800881757292,0.5995188785099108,-2.8324226580177148,2.544041461648593,11.16,1.0020404125786961,0.10545303095201562,1.105842326448686,0.22005816405816409,0.501037657908163,-2.071995164164776,0.13351052826808404,1.16,0.11495054945054944,3.651000853963617,50.0,1.3881811751165516,0.9512842485011559,558.0,11.0,1.7309075044794386,0.9336808804698686,296.0,12.0,-3.812998397390072,0.40722912886238327,508.0,10.0,0.8,508.0,0.20078740157480315,23.051082100457993,0.5983135833300992,102.0,12.0
49,253,0.43675779931827646,0.2544192272744641,1.0798106147178492,1.7129042090973527,0.0133929333693196,1.6099761696595014,0.3218536574754648,-2.040976395712,2.0484082234544396,12.32,1.004963596728325,0.11220235260186008,1.1186856791435082,0.21627228327228326,0.5005004603095015,-2.105727207324743,0.1277576485159951,1.2,0.11214652014652014,3.3878870327106267,50.0,1.4576004383573775,0.9726019984514689,616.0,11.0,1.7277608726147975,0.9532001709599471,338.0,12.0,-4.615197535541102,0.6039136592019074,566.0,12.0,0.8,566.0,0.20141342756183744,19.534705483183213,0.6085086690275057,114.0,12.0
50,735,0.380679524018775,0.48745858329505,0.4859996808196458,2.7397505399843327,0.1339829376673385,4.83071104154498,0.261884071054414,0.5610958999020816,0.5904433859206818,11.12,0.9960173000135246,0.12881389398953622,1.1144106286635251,0.22508666333666333,0.5035039389603119,-2.2447445208835823,0.11577948194772703,1.2,0.12489310689310688,3.701453054696478,50.0,1.3324500892870597,0.9207873560707387,556.0,12.0,2.1151975465015105,0.960123356904959,290.0,12.0,-3.4338299132741277,0.775410735546834,506.0,10.0,0.8,506.0,0.20355731225296442,23.511102312511944,0.8574776226944987,103.0,11.0
51,968,0.3856766036681893,0.2678035754605854,0.6522674794265184,2.400321680884888,-1.8035515373285391,4.7203164408306,0.3249474209811079,-0.8459204851370683,1.4000764981974223,9.66,0.9897083832520615,0.12142322362267642,1.1005260746525882,0.22752292152292153,0.5046839929727914,-2.2297189479038826,0.11611370636523358,1.18,0.14191186591186591,4.062958381445931,50.0,1.284235604103883,0.9221209546130154,483.0,12.0,1.808116941099487,0.9514302743301029,256.0,12.0,-3.6241921566067936,0.6415599247003163,433.0,10.0,0.8,433.0,0.20323325635103925,20.171162187306948,0.582188043132016,88.0,12.0
52,253,0.43675779931827646,0.2544192272744641,1.0798106147178492,1.7129042090973527,0.0133929333693196,1.6099761696595014,0.3218536574754648,-2.040976395712,2.0484082234544396,12.8,0.9942882809750406,0.13200348544840124,1.1262484601937128,0.2192122371092959,0.5039318412017157,-2.173870448157118,0.12157185355561245,1.28,0.10898984348984347,3.3424606239162857,50.0,1.4995361224815722,0.9492525444660633,640.0,11.0,2.1330056303581943,0.9733238375816842,340.0,12.0,-4.286152225123398,0.6259992091034161,590.0,12.0,0.8,590.0,0.20847457627118643,21.13961170271703,0.41855242712433627,123.0,12.0
53,34,0.19789491888176033,0.6436141794040239,0.7754088808781321,3.691946353082012,0.2531966047506206,5.438104558174056,0.3881228191311707,-2.477730704903463,1.77462547843864,11.82,1.0213050198907911,0.10594308644024782,1.1221202600059195,0.22026193251193246,0.49626946762443813,-1.9881501737311102,0.141138403758751,0.78,0.07523285048285049,3.0985395418713977,50.0,1.3581179750571164,0.9494107531887015,591.0,11.0,2.0360459550175154,0.974389382292421,314.0,12.0,-4.185380674815234,0.4397160398501906,541.0,11.0,0.8,541.0,0.2088724584103512,19.655358183588778,0.6472029692054322,113.0,12.0
54,43,0.4079763507836184,0.1834557177704566,0.3804042444085129,2.503934977028018,-1.6980584007989123,2.5414492087795124,0.4973941208714855,-1.3123091233115574,2.5952608083628776,10.62,1.005334805137873,0.10822695667890876,1.1112418966641602,0.22280208680208685,0.5002118565836335,-2.0008066807745304,0.1401286846443302,1.54,0.16553885003885005,4.17210556385725,50.0,1.4413688438947467,0.9190957035782249,531.0,12.0,1.7820358132073317,0.9527276094598995,287.0,11.0,-4.148363556053501,0.3371053037909202,481.0,10.0,0.8,481.0,0.20374220374220375,16.00934368047782,0.4892153755846216,98.0,12.0
55,478,0.46950186783173287,0.2490610248499689,0.7074301241955512,1.4029181183386146,0.6353474786354507,3.830562671783247,0.3894350211253105,-0.2447100745742343,1.1672140475101207,11.1,1.0012921674801079,0.11156552231507598,1.1048168696833263,0.22085625485625485,0.5014393355559175,-2.106699262901756,0.12693929758220426,1.14,0.1157940392940393,3.646679155062909,50.0,1.521432431655187,0.8696386085662073,555.0,12.0,2.401133125830925,0.8943361715494056,278.0,12.0,-4.630064902242534,0.6742220413584055,505.0,11.0,0.8,505.0,0.201980198019802,16.335719735479525,0.42999158502889456,102.0,9.0
56,47,0.4173935628155615,0.5777035068410801,1.0695282449084746,3.577038865903433,-0.3901381553928971,5.794247711280954,0.3594754941324265,-1.1979855328384907,1.531659091368612,11.58,1.017610450099501,0.1060271970877367,1.1215337090555328,0.21408058608058605,0.4971067071483499,-1.98392326628813,0.14247180144987864,1.18,0.11295249195249196,3.561252746268569,50.0,1.3798732783571088,0.907935003928988,579.0,12.0,2.2702079438684533,0.8799424520217778,310.0,11.0,-5.111545063966398,0.5542883717850977,529.0,11.0,0.8,529.0,0.2060491493383743,23.864279601040582,0.8285543458247087,109.0,10.0
57,968,0.3856766036681893,0.2678035754605854,0.6522674794265184,2.400321680884888,-1.8035515373285391,4.7203164408306,0.3249474209811079,-0.8459204851370683,1.4000764981974223,10.88,0.9982331418679693,0.1124741677670974,1.1105894607508489,0.21726307026307023,0.5022118907051611,-2.120024597586183,0.12737848793828477,1.54,0.16079276279276278,4.104166259093649,50.0,1.4684250129715328,0.9103618570878684,544.0,12.0,2.024279118491903,0.9217510961985758,288.0,12.0,-4.767443964678643,0.7599162702228054,494.0,10.0,0.8,494.0,0.20850202429149797,18.296556310588596,0.39746151933962426,103.0,11.0
58,95,0.3446513327623941,0.5065187221122291,0.8886107676139885,2.3073404212711237,0.4633909944468248,3.634015181603453,0.1647327035352512,-0.3563430677272312,1.0292242806044931,9.84,0.9998988105225943,0.11177105955461368,1.0995994681102303,0.22655766455766455,0.5019031548600789,-2.1545999710392074,0.12349833369240512,0.82,0.0986207126207126,3.6559234781480527,50.0,1.2284828156309164,0.88235368276939,492.0,12.0,2.08913641166314,0.9237535024707566,249.0,12.0,-3.308859810136437,0.27591007063645856,442.0,11.0,0.8,442.0,0.20135746606334842,22.963718136366317,0.625810848836341,89.0,12.0
59,461,0.444679992200236,0.2680012467428085,1.063800284973783,2.65181602403099,-1.7169105633965676,2.407679822735457,0.5614020415473693,-2.267538846760047,1.729213094827649,13.82,0.9941183556515005,0.12265094344323314,1.114549658338325,0.22073131117248765,0.5035563092972698,-2.1529089211206083,0.12273867441719856,1.54,0.12250111489817372,3.3359295052283118,50.0,1.5957683587480558,0.9012076586629054,691.0,11.0,2.3878063692243554,0.9048550148779861,364.0,12.0,-2.82089487565843,0.4000082213530045,641.0,10.0,0.8,641.0,0.20280811232449297,22.833472623448284,0.6966183345355516,130.0,11.0
60,253,0.43675779931827646,0.2544192272744641,1.0798106147178492,1.7129042090973527,0.0133929333693196,1.6099761696595014,0.3218536574754648,-2.040976395712,2.0484082234544396,12.9,1.0032944046841816,0.11743530738456438,1.115425713865994,0.2188277833277833,0.5011405285581872,-2.0692204055860888,0.13387514964241068,1.18,0.10055777555777555,3.216330122084132,50.0,1.4640580309847058,0.908850154973213,645.0,12.0,2.293196584314037,0.8923072702664758,328.0,12.0,-4.17490359380076,0.5247635120028697,595.0,12.0,0.8,595.0,0.2,21.553918425686387,0.5377319781580239,119.0,11.0
61,968,0.3856766036681893,0.2678035754605854,0.6522674794265184,2.400321680884888,-1.8035515373285391,4.7203164408306,0.3249474209811079,-0.8459204851370683,1.4000764981974223,9.8,0.9918761923170217,0.11998013883567696,1.1051877936182657,0.21910162060162058,0.50411047265062,-2.2028512335297115,0.11912249344376709,1.36,0.1649013209013209,4.206375678880915,50.0,1.4183636745581412,0.9326836919203929,490.0,12.0,1.957121729925793,0.971204258759399,250.0,12.0,-4.1453828663337156,0.6752635665519038,440.0,11.0,0.8,440.0,0.2,15.436981694557486,0.5065393423714857,88.0,12.0
62,461,0.444679992200236,0.2680012467428085,1.063800284973783,2.65181602403099,-1.7169105633965676,2.407679822735457,0.5614020415473693,-2.267538846760047,1.729213094827649,13.52,0.9868149219704502,0.12338692556738864,1.1130992043844927,0.21656191520897403,0.505512947418235,-2.119842757202173,0.12666155176201485,1.5,0.12341906949259888,3.374321010724775,50.0,1.4919823148177944,0.9261492078595419,676.0,12.0,2.1890876843625096,0.9571596780685757,349.0,12.0,-4.545620178199238,0.762824195845514,626.0,11.0,0.8,626.0,0.2012779552715655,24.29486299710337,0.751382726223752,126.0,12.0
63,931,0.4474508141596336,0.4064908327525905,1.2829278183139174,1.9638155579059713,1.1426630133651146,5.446800881757292,0.5995188785099108,-2.8324226580177148,2.544041461648593,11.82,1.0072467045706328,0.11035685844549967,1.113100885579494,0.22159718059718056,0.499986301166582,-2.055571171967365,0.13383514821469553,0.92,0.08667954267954264,3.2385395418713983,50.0,1.374479730534157,0.9754502497038586,591.0,11.0,1.7013159436215437,0.9561580613107301,299.0,12.0,-4.613612362431018,0.7088385502323034,541.0,11.0,0.8,541.0,0.2088724584103512,22.556469772914987,0.5071862726416378,113.0,11.0
64,47,0.4173935628155615,0.5777035068410801,1.0695282449084746,3.577038865903433,-0.3901381553928971,5.794247711280954,0.3594754941324265,-1.1979855328384907,1.531659091368612,11.6,1.0205760046179895,0.10098577541406469,1.1208232651127228,0.22020354645354645,0.496269378857464,-2.03019473726414,0.1365959242314804,1.08,0.10125579975579978,3.456026645902138,50.0,1.5468380659393244,0.8308110963471427,580.0,12.0,2.2549636982337464,0.8460192133802613,291.0,11.0,-2.611964165019318,0.22004368954493114,530.0,9.0,0.8,530.0,0.21509433962264152,27.399124128641986,0.7294098687653953,114.0,12.0
65,43,0.4079763507836184,0.1834557177704566,0.3804042444085129,2.503934977028018,-1.6980584007989123,2.5414492087795124,0.4973941208714855,-1.3123091233115574,2.5952608083628776,11.2,1.0158739262246097,0.1100096030008422,1.1270805308315224,0.22467607392607394,0.49760105061890075,-1.9476912037801473,0.1475904896455993,1.5,0.1518481240981241,3.9805486532307555,50.0,1.4532908344379034,0.8978949145948115,560.0,12.0,2.153864937434687,0.9312713318160706,288.0,12.0,-6.078228776869143,0.546242034518405,510.0,10.0,0.8,510.0,0.20392156862745098,11.29884109649892,0.1117942628641837,104.0,12.0
66,478,0.46950186783173287,0.2490610248499689,0.7074301241955512,1.4029181183386146,0.6353474786354507,3.830562671783247,0.3894350211253105,-0.2447100745742343,1.1672140475101207,11.1,0.9994491930713683,0.11083943957367064,1.1071564122494113,0.22500987900987898,0.5017822586531598,-1.990785759760503,0.14176699916465343,1.44,0.1418928293928294,3.9466791550629092,50.0,1.445906954004715,0.8536710029387188,555.0,12.0,2.2226564809345932,0.8935413680498483,288.0,12.0,-5.37977901954179,0.6610560376187596,505.0,11.0,0.8,505.0,0.2,22.675455992971386,0.6480872012175565,101.0,12.0
67,478,0.46950186783173287,0.2490610248499689,0.7074301241955512,1.4029181183386146,0.6353474786354507,3.830562671783247,0.3894350211253105,-0.2447100745742343,1.1672140475101207,11.88,1.0060908569612435,0.1150600796737137,1.1168735292089311,0.21169283494283492,0.5003326717752029,-2.108384883137689,0.12779183042181472,1.2,0.109512876012876,3.5028612407721056,50.0,1.3950115283617113,0.9400376491437222,594.0,11.0,1.8331740441670148,0.9711128945419988,318.0,12.0,-4.140865400734412,0.47325100585609126,544.0,12.0,0.8,544.0,0.20036764705882354,21.86805915338573,0.675240671112886,109.0,11.0
68,478,0.46950186783173287,0.2490610248499689,0.7074301241955512,1.4029181183386146,0.6353474786354507,3.830562671783247,0.3894350211253105,-0.2447100745742343,1.1672140475101207,11.46,0.9946703254480848,0.12568144621307248,1.1127633222267947,0.21529656454656454,0.5035906305752633,-2.1777619681677174,0.11974350543677813,1.26,0.12348834498834499,3.672609348467154,50.0,1.5205476296169662,0.9205466462130266,573.0,12.0,2.1930408210089025,0.9251593751736539,304.0,12.0,-2.678418767249078,0.44861422637933146,523.0,10.0,0.8,523.0,0.20076481835564053,19.777750221397117,0.7717725037378232,105.0,11.0
69,253,0.43675779931827646,0.2544192272744641,1.0798106147178492,1.7129042090973527,0.0133929333693196,1.6099761696595014,0.3218536574754648,-2.040976395712,2.0484082234544396,13.04,0.9931654629927779,0.12835031846898928,1.1145829537113068,0.2209342193753959,0.5040109330864314,-2.1249113147829344,0.1251744308214279,1.66,0.1453812347782936,3.659747419519115,50.0,1.594361313443873,0.9168802209904183,652.0,11.0,2.245619932092608,0.9598104108743695,336.0,12.0,-3.580406679161873,0.49014075971042614,602.0,12.0,0.8,602.0,0.2009966777408638,22.27065893707258,0.7888087453053628,121.0,12.0
70,95,0.3446513327623941,0.5065187221122291,0.8886107676139885,2.3073404212711237,0.4633909944468248,3.634015181603453,0.1647327035352512,-0.3563430677272312,1.0292242806044931,9.74,0.988728077328267,0.11974330357163768,1.0973678923183936,0.22443434343434343,0.5049105003840709,-2.1437567431890536,0.12522293302876303,1.26,0.15005916305916306,4.122053979980207,50.0,1.4140117341175815,0.8467407698602201,487.0,12.0,2.2911924147201725,0.9375354592346149,263.0,12.0,-4.471069686377549,0.6231636088030783,437.0,12.0,0.8,437.0,0.2036613272311213,20.332996497235218,0.7077546547732851,89.0,10.0
71,34,0.19789491888176033,0.6436141794040239,0.7754088808781321,3.691946353082012,0.2531966047506206,5.438104558174056,0.3881228191311707,-2.477730704903463,1.77462547843864,11.92,1.005824526286905,0.11016649569334967,1.108668409831597,0.22891555666555663,0.5003293288893031,-2.048303521259971,0.13339377595436827,1.18,0.10975097125097123,3.4724090400392438,50.0,1.3928081686692846,0.9128438753632749,596.0,12.0,2.139463763227915,0.9418672413430733,324.0,12.0,-4.312417679147739,0.6308620598818367,546.0,11.0,0.8,546.0,0.20146520146520147,22.355594131706564,0.7306817255188316,110.0,12.0
72,47,0.4173935628155615,0.5777035068410801,1.0695282449084746,3.577038865903433,-0.3901381553928971,5.794247711280954,0.3594754941324265,-1.1979855328384907,1.531659091368612,11.2,1.018389289832596,0.1046299972049524,1.1196788564735782,0.21827688977688975,0.49692592699178556,-2.0661500005736437,0.1329255525134193,0.86,0.08883016983016984,3.3405486532307545,50.0,1.3211832782053254,0.9104583701156271,560.0,12.0,2.113353011839239,0.924300298179039,295.0,12.0,-4.712260656428841,0.7125189607990563,510.0,10.0,0.8,510.0,0.20392156862745098,20.20853943050419,0.4919558862704062,104.0,11.0
73,931,0.4474508141596336,0.4064908327525905,1.2829278183139174,1.9638155579059713,1.1426630133651146,5.446800881757292,0.5995188785099108,-2.8324226580177148,2.544041461648593,12.02,1.0084852916064357,0.11423843087758977,1.1147579792817173,0.22306213231213232,0.4997749945738565,-2.078196849681278,0.12970300487436506,0.84,0.08612093462093462,3.10627853820709,50.0,1.586029081776007,0.9112385590429879,601.0,12.0,2.2632569737703374,0.936084962050086,303.0,12.0,-3.7652297143141653,0.5031120179210931,551.0,11.0,0.8,551.0,0.20871143375680581,18.04676143304997,0.47264785639805207,115.0,12.0
74,34,0.19789491888176033,0.6436141794040239,0.7754088808781321,3.691946353082012,0.2531966047506206,5.438104558174056,0.3881228191311707,-2.477730704903463,1.77462547843864,11.8,1.0177528717469733,0.10682280456043937,1.1196177371596112,0.2199489121989122,0.49724920472999146,-2.0469042850704806,0.13430961647080664,0.88,0.08178790653790653,3.203765642237829,50.0,1.3761366455562158,0.9474049097598125,590.0,12.0,2.0316250967809664,0.9431170695319293,322.0,12.0,-3.919363628978176,0.41013084299575164,540.0,10.0,0.8,540.0,0.20925925925925926,19.9032165736391,0.5067333899855275,113.0,12.0
75,43,0.4079763507836184,0.1834557177704566,0.3804042444085129,2.503934977028018,-1.6980584007989123,2.5414492087795124,0.4973941208714855,-1.3123091233115574,2.5952608083628776,11.04,1.0018459862367117,0.10889885904041499,1.1065599578230578,0.22757572982572982,0.5011109083065282,-1.948512070696205,0.1468958120587981,1.58,0.16680849705849707,4.102357456162201,50.0,1.3639515686115853,0.9587575332920898,552.0,11.0,1.7477165073736438,0.9230848502056346,292.0,12.0,-4.640625042981337,0.39473456063171497,502.0,11.0,0.8,502.0,0.20119521912350596,21.82181697287042,0.7411576520603196,101.0,10.0
76,735,0.380679524018775,0.48745858329505,0.4859996808196458,2.7397505399843327,0.1339829376673385,4.83071104154498,0.261884071054414,0.5610958999020816,0.5904433859206818,11.06,1.0054553685939158,0.11874458505695787,1.115183518982165,0.22294272394272394,0.5007799818561862,-2.188786106006775,0.11937865926210266,0.72,0.07066944166944167,3.2371313557957713,50.0,1.4054120304345237,0.8802588179529096,553.0,12.0,2.1126957728000906,0.8935628225149499,278.0,12.0,-3.9920146212916103,0.7000176052994739,503.0,12.0,0.8,503.0,0.20675944333996024,15.292988376915483,0.46880500141031944,104.0,12.0
77,95,0.3446513327623941,0.5065187221122291,0.8886107676139885,2.3073404212711237,0.4633909944468248,3.634015181603453,0.1647327035352512,-0.3563430677272312,1.0292242806044931,9.48,0.9909406514725134,0.12409803716205746,1.1017870365379956,0.22245876345876348,0.5044324199332965,-2.2529354980284464,0.11206167812840881,1.16,0.14442779442779444,4.089993284743809,50.0,1.349564539114923,0.8676903134782743,474.0,12.0,2.369021749032679,0.9187393158497941,242.0,12.0,-4.194820743166345,0.57720825843371,424.0,11.0,0.8,424.0,0.20047169811320756,15.646038235614371,0.3870211307393362,85.0,11.0
78,735,0.380679524018775,0.48745858329505,0.4859996808196458,2.7397505399843327,0.1339829376673385,4.83071104154498,0.261884071054414,0.5610958999020816,0.5904433859206818,11.16,1.0021144540242424,0.12328767220682435,1.1170159285792578,0.21697710622710623,0.5016266229309491,-2.191153551156906,0.11907177053374171,1.1,0.11438825063825064,3.5910008539636165,50.0,1.5311815370652069,0.8822671143756222,558.0,12.0,2.2400570252201866,0.9510005950997656,282.0,12.0,-4.023624204805091,0.5755649315016271,508.0,12.0,0.8,508.0,0.20275590551181102,19.758827306405987,0.7663264538672385,103.0,12.0
79,43,0.4079763507836184,0.1834557177704566,0.3804042444085129,2.503934977028018,-1.6980584007989123,2.5414492087795124,0.4973941208714855,-1.3123091233115574,2.5952608083628776,11.16,1.0023762828116645,0.11416112972216752,1.1119461877183678,0.22356376956376955,0.5011280564057118,-2.00064217928604,0.1388822791598959,1.56,0.1660088245088245,4.051000853963617,50.0,1.460438124721586,0.9322535600384515,558.0,12.0,1.9475830418802722,0.947369698243156,286.0,12.0,-5.0578109835030345,0.6143998187047477,508.0,10.0,0.8,508.0,0.20669291338582677,18.20017610232643,0.4789163207489291,105.0,12.0
80,34,0.19789491888176033,0.6436141794040239,0.7754088808781321,3.691946353082012,0.2531966047506206,5.438104558174056,0.3881228191311707,-2.477730704903463,1.77462547843864,11.86,1.0141035235742992,0.11213703517725886,1.1212390585615146,0.21695138195138194,0.49825066826140635,-2.030220603485601,0.13604092915688734,1.12,0.10522888222888223,3.428087341138537,50.0,1.3867177197313125,0.9159543731944332,593.0,12.0,2.067002472188369,0.9239290120783517,326.0,12.0,-3.071471824156592,0.3904317030394364,543.0,10.0,0.8,543.0,0.2007366482504604,26.673614360664118,0.8108897057174116,109.0,9.0
81,95,0.3446513327623941,0.5065187221122291,0.8886107676139885,2.3073404212711237,0.4633909944468248,3.634015181603453,0.1647327035352512,-0.3563430677272312,1.0292242806044931,9.62,0.9891608571845394,0.11848946961788208,1.1005963446968974,0.22863558663558659,0.504772063581916,-2.153299819819547,0.1241547622045318,1.34,0.156011766011766,4.233410582178792,50.0,1.3060140098437132,0.909243489775484,481.0,11.0,2.33262049124169,0.861063005777041,241.0,12.0,-3.329491345309995,0.3761709367464189,431.0,11.0,0.8,431.0,0.20185614849187936,19.980125838541458,0.5763833411371987,87.0,11.0
82,47,0.4173935628155615,0.5777035068410801,1.0695282449084746,3.577038865903433,-0.3901381553928971,5.794247711280954,0.3594754941324265,-1.1979855328384907,1.531659091368612,11.76,1.020254758525833,0.0968922795834204,1.1168607451797183,0.2194827672327672,0.496239119074298,-1.9045743004911868,0.15183263327856183,1.12,0.1072964812964813,3.454217842970691,50.0,1.4495010146545588,0.8936934303891986,588.0,12.0,2.3614759430857055,0.9613791925514923,311.0,12.0,-4.651112052456187,0.4998836771233489,538.0,9.0,0.8,538.0,0.20260223048327136,25.584675392745964,0.8069628755247421,109.0,10.0
83,34,0.19789491888176033,0.6436141794040239,0.7754088808781321,3.691946353082012,0.2531966047506206,5.438104558174056,0.3881228191311707,-2.477730704903463,1.77462547843864,11.62,1.0175773823040877,0.10659108413617593,1.1184913335893958,0.21756976356976357,0.49721561856086394,-2.0811083444780163,0.12987486813679758,0.9,0.08552469752469753,3.2708005455357068,50.0,1.427676162698929,0.9476576261536502,581.0,11.0,1.984187484234933,0.9570652881450511,315.0,12.0,-5.41786299412837,0.7219377223036898,531.0,11.0,0.8,531.0,0.20527306967984935,22.631595469511584,0.4817218026609177,109.0,12.0
84,931,0.4474508141596336,0.4064908327525905,1.2829278183139174,1.9638155579059713,1.1426630133651146,5.446800881757292,0.5995188785099108,-2.8324226580177148,2.544041461648593,11.22,1.0099793510343955,0.10336355253540802,1.105733523817137,0.2156080586080586,0.49908815664283673,-2.114234832026874,0.12492155879232655,0.84,0.08466033966033967,3.315322552864324,50.0,1.5642682252490978,0.8969335867235052,561.0,12.0,2.2833402533609957,0.9423644953406427,308.0,12.0,-4.186750395318464,0.5984585638041395,511.0,11.0,0.8,511.0,0.20156555772994128,23.673426056345026,0.6874838876839852,103.0,12.0
85,95,0.3446513327623941,0.5065187221122291,0.8886107676139885,2.3073404212711237,0.4633909944468248,3.634015181603453,0.1647327035352512,-0.3563430677272312,1.0292242806044931,9.38,1.0032374513925462,0.1196049192667415,1.1136904831801901,0.2352279942279942,0.5012281899567361,-2.186631981213816,0.12146522971434745,1.2,0.14687518037518038,4.1561237865759635,50.0,1.3135412706706087,0.915517336112064,469.0,12.0,2.1103918714965344,0.9550388919633952,239.0,12.0,-3.763362234200317,0.38928235727384153,419.0,11.0,0.8,419.0,0.20047732696897375,19.43564629887152,0.5038952606790756,84.0,12.0
86,478,0.46950186783173287,0.2490610248499689,0.7074301241955512,1.4029181183386146,0.6353474786354507,3.830562671783247,0.3894350211253105,-0.2447100745742343,1.1672140475101207,11.4,0.996935379261027,0.11529693008038956,1.1062466537564597,0.21945535510241393,0.5026248099422908,-2.113690121258875,0.12801679287797063,1.22,0.11674010956363898,3.6482876495664467,50.0,1.439884487710546,0.9142382212328306,570.0,12.0,2.1504663668815382,0.9024869019936961,301.0,12.0,-2.844337862103869,0.28928081938085015,520.0,11.0,0.8,520.0,0.2,25.68855778534062,0.7240088106013698,104.0,12.0
87,253,0.43675779931827646,0.2544192272744641,1.0798106147178492,1.7129042090973527,0.0133929333693196,1.6099761696595014,0.3218536574754648,-2.040976395712,2.0484082234544396,12.46,0.9987386002597032,0.12007010478773296,1.1146488692269116,0.21621575646575647,0.5024214424936256,-2.122802835034784,0.12816923928134757,1.26,0.11562953712953712,3.4113043301456103,50.0,1.4346775672167582,0.9570191852258083,623.0,11.0,1.9685000539945956,0.9685398920187606,332.0,12.0,-4.188430338132453,0.6390866883804001,573.0,12.0,0.8,573.0,0.20767888307155322,24.050288350388406,0.8344827356150766,119.0,12.0
88,95,0.3446513327623941,0.5065187221122291,0.8886107676139885,2.3073404212711237,0.4633909944468248,3.634015181603453,0.1647327035352512,-0.3563430677272312,1.0292242806044931,9.7,1.0011136262302585,0.12369995067936443,1.1127580652735325,0.23376689976689977,0.5018753390073474,-2.2166742776883503,0.11618553413745229,1.16,0.1338876678876679,4.032506180713069,50.0,1.1951139487556846,0.9101274533032049,485.0,11.0,1.7972053588340402,0.9745411241555446,257.0,12.0,-4.575194658512008,0.5626292162585513,435.0,12.0,0.8,435.0,0.2,22.063481493668508,0.7043626856746019,87.0,12.0
89,95,0.3446513327623941,0.5065187221122291,0.8886107676139885,2.3073404212711237,0.4633909944468248,3.634015181603453,0.1647327035352512,-0.3563430677272312,1.0292242806044931,8.8,0.9941064838450346,0.1099757328823584,1.0925759622748452,0.23162337662337662,0.5032669893570518,-2.157693392789788,0.12421369996032011,1.02,0.13895454545454544,4.127680697202458,50.0,1.3219832189113263,0.8523754285584388,440.0,12.0,2.2316543908311197,0.8871200421026091,225.0,12.0,-4.1153080087434075,0.5759998978332971,390.0,11.0,0.8,390.0,0.2128205128205128,18.918034939610322,0.7081869312065927,83.0,10.0
90,34,0.19789491888176033,0.6436141794040239,0.7754088808781321,3.691946353082012,0.2531966047506206,5.438104558174056,0.3881228191311707,-2.477730704903463,1.77462547843864,12.0,1.015116728021283,0.10863336749155178,1.118863301824842,0.21979265179265176,0.4978823763258252,-2.044746904465799,0.13528164408033108,0.94,0.08588422688422687,3.2115046385735213,50.0,1.4726691822400975,0.9224391388204278,600.0,12.0,2.203891854213056,0.9434589095262419,324.0,12.0,-4.410831104265267,0.4487110279234975,550.0,12.0,0.8,550.0,0.20545454545454545,23.718300762375367,0.7717453137967044,113.0,11.0
91,43,0.4079763507836184,0.1834557177704566,0.3804042444085129,2.503934977028018,-1.6980584007989123,2.5414492087795124,0.4973941208714855,-1.3123091233115574,2.5952608083628776,10.62,1.0055592093301564,0.10311909876173442,1.1078673319483403,0.21631564342090656,0.500006573414077,-1.9067860378735284,0.1514333786970135,1.42,0.15334413539676697,4.05210556385725,50.0,1.5314283485985392,0.9082033215422858,531.0,12.0,2.3972010898770333,0.9231307389672,296.0,12.0,-4.551949576739982,0.46614571068078503,481.0,9.0,0.8,481.0,0.20166320166320167,14.359983608971913,0.25858447977894194,97.0,10.0
92,931,0.4474508141596336,0.4064908327525905,1.2829278183139174,1.9638155579059713,1.1426630133651146,5.446800881757292,0.5995188785099108,-2.8324226580177148,2.544041461648593,11.12,1.0011429482305885,0.11142773390635428,1.1083432799389097,0.225740564990565,0.5015710073804688,-2.1105628384713513,0.128610157181763,1.32,0.13907900432900433,3.8214530546964784,50.0,1.3579498756691413,0.9507791963586212,556.0,12.0,1.801512015853402,0.9587755070513955,279.0,12.0,-4.172017527292714,0.6748206438862207,506.0,10.0,0.8,506.0,0.2015810276679842,22.593469471206028,0.5911501430581837,102.0,12.0
93,95,0.3446513327623941,0.5065187221122291,0.8886107676139885,2.3073404212711237,0.4633909944468248,3.634015181603453,0.1647327035352512,-0.3563430677272312,1.0292242806044931,9.58,1.0014982074211887,0.11735730224716608,1.109384959371222,0.23055910755910752,0.5015607054918904,-2.1227549199696094,0.12644193472372806,0.9,0.10959618159618159,3.8038627829116547,50.0,1.2549606209511464,0.9373579184417107,479.0,12.0,1.9820568145455928,0.9270660552657757,254.0,12.0,-3.5561272141754676,0.4836621102198735,429.0,10.0,0.8,429.0,0.20046620046620048,17.247649363975572,0.6002853587837043,86.0,11.0
94,735,0.380679524018775,0.48745858329505,0.4859996808196458,2.7397505399843327,0.1339829376673385,4.83071104154498,0.261884071054414,0.5610958999020816,0.5904433859206818,10.5,0.9924811627116972,0.11911555762283033,1.1117517412064972,0.22720798645798645,0.5038312286754938,-2.1561551416114795,0.12348507039815736,1.22,0.13253285603285603,3.883462166055835,50.0,1.521728183010681,0.8414224884814752,525.0,12.0,2.0148717567906864,0.9402886891621104,292.0,12.0,-4.633610988420149,0.48984110421502436,475.0,12.0,0.8,475.0,0.2,12.53632064430273,0.4949337942610549,95.0,11.0
95,95,0.3446513327623941,0.5065187221122291,0.8886107676139885,2.3073404212711237,0.4633909944468248,3.634015181603453,0.1647327035352512,-0.3563430677272312,1.0292242806044931,9.22,0.9981067929454788,0.11076397166253535,1.098808733166037,0.23771495171495172,0.5024309619614663,-2.136612248538153,0.12575039979166397,0.92,0.11357714507714506,3.91793258950741,50.0,1.3649032136009764,0.8793056717017228,461.0,12.0,1.9303491945037754,0.9480504199073924,239.0,11.0,-3.7608952233923856,0.6076629136170197,411.0,10.0,0.8,411.0,0.20194647201946472,24.18213649583216,0.7693763925442494,83.0,10.0
96,34,0.19789491888176033,0.6436141794040239,0.7754088808781321,3.691946353082012,0.2531966047506206,5.438104558174056,0.3881228191311707,-2.477730704903463,1.77462547843864,11.76,1.0117773985889955,0.10781663563798659,1.1164879777628423,0.21960403485403485,0.49875422581420076,-2.0976565193031895,0.12973621865259088,1.04,0.1038917193917194,3.3742178429706904,50.0,1.4140558075065688,0.9124683626438608,588.0,12.0,2.186958234179793,0.8953125497775398,320.0,12.0,-5.01450841904826,0.7550434919661051,538.0,11.0,0.8,538.0,0.20260223048327136,23.900651989185395,0.6069899136908621,109.0,12.0
97,95,0.3446513327623941,0.5065187221122291,0.8886107676139885,2.3073404212711237,0.4633909944468248,3.634015181603453,0.1647327035352512,-0.3563430677272312,1.0292242806044931,9.74,0.9929647692749483,0.12718104558120674,1.1055742554902839,0.22236063936063935,0.5041159656271273,-2.3191997976096017,0.1054018926799603,0.92,0.10838788988788987,3.782053979980207,50.0,1.3589491678469736,0.8923288079514456,487.0,12.0,2.317048575153092,0.954145992779411,249.0,12.0,-3.928452165246132,0.49963145427918965,437.0,11.0,0.8,437.0,0.21052631578947367,20.960472661374887,0.5421970774876688,92.0,11.0
98,931,0.4474508141596336,0.4064908327525905,1.2829278183139174,1.9638155579059713,1.1426630133651146,5.446800881757292,0.5995188785099108,-2.8324226580177148,2.544041461648593,10.68,1.0029821026773384,0.10644781792814252,1.1043618579361474,0.21535631035631034,0.5008980912505957,-2.0782292239404487,0.13159364160132378,1.08,0.11980636030636031,3.696427262757957,50.0,1.5472351866096974,0.901508459811007,534.0,12.0,2.1275308826597294,0.9668462350081901,286.0,12.0,-5.079434619748076,0.6636450147840081,484.0,12.0,0.8,484.0,0.2066115702479339,21.90154657724245,0.7262390690051921,100.0,12.0
99,47,0.4173935628155615,0.5777035068410801,1.0695282449084746,3.577038865903433,-0.3901381553928971,5.794247711280954,0.3594754941324265,-1.1979855328384907,1.531659091368612,11.62,1.019661689838235,0.10506904511417657,1.1265417940328228,0.21886768786768787,0.4965470327491264,-2.0760490051154896,0.1329548602593897,1.16,0.11066250416250416,3.530800545535706,50.0,1.4794670997182036,0.9073516810665061,581.0,12.0,2.2393628772410428,0.9382615624997529,322.0,12.0,-5.793871086679994,0.6474256943487896,531.0,11.0,0.8,531.0,0.21092278719397364,24.96055340559845,0.5408810826720181,112.0,12.0
